{
    "participatesIn": 0,
    "worksFor": 33.33333333333333,
    "hasRole": 0,
    "worksOn": 0,
    "organizes": 0,
    "hasSkill": 0,
    "hasDuration": 0,
    "locatedIn": 66.66666666666666,
    "mean_accuracy": 12.499999999999998
}