{"organizes": 0.0, "participatesIn": 33.33333333333333, "hasSkill": 16.666666666666664, "hasDuration": 0.0, "worksOn": 0.0, "worksFor": 66.66666666666666, "hasRole": 0.0, "locatedIn": 66.66666666666666, "mean_accuracy": 22.916666666666664}